filename,source_page_url,image_url
8b58b5c1-8867-4100-8ff2-d6ee6b83a527.png,https://imageswedding.theweddingcompany.com/bh_prod_bucket/weddings/ideabook/DECORATION/1dca9fad-7303-48ff-aae9-60cf9cb3a121/F1AB436D-5A70-4BE8-B7F7-820890C39033.png,https://imageswedding.theweddingcompany.com/bh_prod_bucket/weddings/ideabook/DECORATION/1dca9fad-7303-48ff-aae9-60cf9cb3a121/F1AB436D-5A70-4BE8-B7F7-820890C39033.png
d94f5b7e-3f4a-4fa9-a96a-72d54308d0ae.png,https://drive.google.com/file/d/1DNT5PhDxS8TUdf1RNV9bjtvBg2Xb40V4/view?usp=sharing,https://drive.google.com/uc?export=download&id=1DNT5PhDxS8TUdf1RNV9bjtvBg2Xb40V4
b988c77a-90e1-4d11-9c40-1225b4a9405e.jpg,https://imageswedding.theweddingcompany.com/bh_prod_bucket/weddings/ideabook/PHOTOGRAPHY/118005d1-a2ad-49e5-a5ab-b9c914d0b23e/1786F114-0778-4D43-8DF3-E3B9FD4F0CE9.jpg,https://imageswedding.theweddingcompany.com/bh_prod_bucket/weddings/ideabook/PHOTOGRAPHY/118005d1-a2ad-49e5-a5ab-b9c914d0b23e/1786F114-0778-4D43-8DF3-E3B9FD4F0CE9.jpg
d5328f7a-2115-482b-a5f1-f6ba6e61213f.jpg,https://imageswedding.theweddingcompany.com/bh_prod_bucket/weddings/ideabook/PHOTOGRAPHY/8863b71a-668c-47f2-b43e-ac009197ab8f/1F67409E-C85F-4E77-89C0-E644A3D9A5EF.jpg,https://imageswedding.theweddingcompany.com/bh_prod_bucket/weddings/ideabook/PHOTOGRAPHY/8863b71a-668c-47f2-b43e-ac009197ab8f/1F67409E-C85F-4E77-89C0-E644A3D9A5EF.jpg
3446bfee-0526-4363-be74-1e22acd9130c.jpg,https://imageswedding.theweddingcompany.com/bh_prod_bucket/watermark_assets/ideabook/0BD9DEBD-4085-4E75-9341-83EFBFA15D68.jpeg,https://imageswedding.theweddingcompany.com/bh_prod_bucket/watermark_assets/ideabook/0BD9DEBD-4085-4E75-9341-83EFBFA15D68.jpeg
81064b53-ad8a-46de-af8c-619e7688c064.jpg,https://www.theweddingcompany.com/wedding-ideas/idea/whimsical-blooms-9A967211-4BFA-4E40-B5F0-17CAA324CF97,https://imageswedding.theweddingcompany.com/bh_prod_bucket/watermark_assets/ideabook/9A967211-4BFA-4E40-B5F0-17CAA324CF97.jpeg
02221375-399b-4a5f-ab13-98e172720377.jpg,https://imageswedding.theweddingcompany.com/bh_prod_bucket/watermark_assets/ideabook/3BDAFFFF-7DE9-449F-BB78-7569FDD16F0E.jpeg,https://imageswedding.theweddingcompany.com/bh_prod_bucket/watermark_assets/ideabook/3BDAFFFF-7DE9-449F-BB78-7569FDD16F0E.jpeg
9a119477-3061-4d42-938c-a62f829e86d0.jpg,https://www.theweddingcompany.com/wedding-ideas/idea/floral-dream-stage-D251DF7E-6DAD-4259-92A9-86CFA3BBEE17,https://imageswedding.theweddingcompany.com/bh_prod_bucket/watermark_assets/ideabook/D251DF7E-6DAD-4259-92A9-86CFA3BBEE17.jpeg
a632aad2-0309-42c5-91d5-588a80b4d7c5.jpg,https://drive.google.com/file/d/1KWjd3b8UFoYriXVxmzFzqXrGxqA_I2Co/view,https://drive.google.com/uc?export=download&id=1KWjd3b8UFoYriXVxmzFzqXrGxqA_I2Co
cbe4555d-c340-4f98-b91e-32ebb057e01f.jpg,https://i.pinimg.com/1200x/4f/45/34/4f4534ab20d89076adf65e2bb711e16e.jpg,https://i.pinimg.com/1200x/4f/45/34/4f4534ab20d89076adf65e2bb711e16e.jpg
6e09680e-14e1-4360-9d22-a5f2b53f33e3.jpg,https://imageswedding.theweddingcompany.com/bh_prod_bucket/watermark_assets/ideabook/F7CF573A-260A-43D9-8513-91A0993F69D8.jpeg,https://imageswedding.theweddingcompany.com/bh_prod_bucket/watermark_assets/ideabook/F7CF573A-260A-43D9-8513-91A0993F69D8.jpeg
371ab026-7585-4684-88c0-e7bfc95b5abe.jpg,https://imageswedding.theweddingcompany.com/bh_prod_bucket/weddings/ideabook/DECORATION/aca3819b-93cc-4b36-beb6-bc63882f241f/C7251CF3-C37A-4416-86A5-907B344D1E70.jpg,https://imageswedding.theweddingcompany.com/bh_prod_bucket/weddings/ideabook/DECORATION/aca3819b-93cc-4b36-beb6-bc63882f241f/C7251CF3-C37A-4416-86A5-907B344D1E70.jpg
49d5f1cf-54d6-480e-9c41-dd035ae1be4d.jpg,https://imageswedding.theweddingcompany.com/bh_prod_bucket/watermark_assets/ideabook/4E4EFC54-C617-4078-B17E-22E0708B0B69.jpeg,https://imageswedding.theweddingcompany.com/bh_prod_bucket/watermark_assets/ideabook/4E4EFC54-C617-4078-B17E-22E0708B0B69.jpeg
fffd2469-1aa4-4745-9afc-4d3fefd2c5d0.jpg,https://imageswedding.theweddingcompany.com/bh_prod_bucket/watermark_assets/ideabook/D4ED94F2-6F05-4970-A43B-61BDD702C669.jpeg,https://imageswedding.theweddingcompany.com/bh_prod_bucket/watermark_assets/ideabook/D4ED94F2-6F05-4970-A43B-61BDD702C669.jpeg
b3e3cf05-77d0-4467-b6eb-70f6a10a1470.jpg,https://imageswedding.theweddingcompany.com/bh_prod_bucket/watermark_assets/ideabook/499C08BF-64B2-4DC7-A80E-52FB885EF07A.jpeg,https://imageswedding.theweddingcompany.com/bh_prod_bucket/watermark_assets/ideabook/499C08BF-64B2-4DC7-A80E-52FB885EF07A.jpeg
a3ee6680-1461-44a8-b257-801d3c7dbb57.jpg,https://imageswedding.theweddingcompany.com/bh_prod_bucket/weddings/ideabook/DECORATION/aca3819b-93cc-4b36-beb6-bc63882f241f/39E05EE0-6046-427A-92CC-5DEDC36CF090.jpg,https://imageswedding.theweddingcompany.com/bh_prod_bucket/weddings/ideabook/DECORATION/aca3819b-93cc-4b36-beb6-bc63882f241f/39E05EE0-6046-427A-92CC-5DEDC36CF090.jpg
962057ba-42e4-4814-993e-65dbef9aa1bb.jpg,https://drive.google.com/file/d/1sR4Tv9alFktc8qdXokBGJmaI_6TqzgNH/view,https://drive.google.com/uc?export=download&id=1sR4Tv9alFktc8qdXokBGJmaI_6TqzgNH
14b17841-9426-4b73-821a-147ea52dacb9.jpg,https://www.theweddingcompany.com/wedding-ideas/idea/outdoor-serenity-C85A996C-75CF-4006-9473-7FDE2EF8B717,https://imageswedding.theweddingcompany.com/bh_prod_bucket/watermark_assets/ideabook/C85A996C-75CF-4006-9473-7FDE2EF8B717.jpeg
77aab394-7e83-4778-b739-437c8e2e4696.jpg,https://imageswedding.theweddingcompany.com/bh_prod_bucket/watermark_assets/ideabook/C501B52B-DBD4-4C13-AC33-F4B43E88F4CB.jpeg,https://imageswedding.theweddingcompany.com/bh_prod_bucket/watermark_assets/ideabook/C501B52B-DBD4-4C13-AC33-F4B43E88F4CB.jpeg
894b43fa-9947-44b7-995e-79be2b90c49f.jpg,https://imageswedding.theweddingcompany.com/bh_prod_bucket/weddings/ideabook/DECORATION/aca3819b-93cc-4b36-beb6-bc63882f241f/E53A51B3-AFF9-45FA-9DCB-0479986F54C6.jpg,https://imageswedding.theweddingcompany.com/bh_prod_bucket/weddings/ideabook/DECORATION/aca3819b-93cc-4b36-beb6-bc63882f241f/E53A51B3-AFF9-45FA-9DCB-0479986F54C6.jpg
804e1de0-93c9-4876-82f0-423ad683400a.jpg,https://i.pinimg.com/736x/1f/53/ad/1f53ad1d8f2cf5f9fac0ea7f4eb417eb.jpg,https://i.pinimg.com/736x/1f/53/ad/1f53ad1d8f2cf5f9fac0ea7f4eb417eb.jpg
4f24afa3-0006-41bd-917a-caf5c9e6f880.jpg,https://imageswedding.theweddingcompany.com/bh_prod_bucket/watermark_assets/ideabook/DFCE626D-66AE-47C2-AE51-388BCC3F4EF3.jpeg,https://imageswedding.theweddingcompany.com/bh_prod_bucket/watermark_assets/ideabook/DFCE626D-66AE-47C2-AE51-388BCC3F4EF3.jpeg
fca71697-6625-44df-bb42-9db94adbfff7.jpg,https://i.pinimg.com/736x/ee/74/20/ee74204bf7a3811b3d0acb6e624f37c3.jpg,https://i.pinimg.com/736x/ee/74/20/ee74204bf7a3811b3d0acb6e624f37c3.jpg
4fa80fa4-c647-4bf6-823e-99e218e0e5f7.jpg,https://imageswedding.theweddingcompany.com/bh_prod_bucket/watermark_assets/ideabook/BC42BACF-581B-4951-A80F-D51172FF90AA.jpeg,https://imageswedding.theweddingcompany.com/bh_prod_bucket/watermark_assets/ideabook/BC42BACF-581B-4951-A80F-D51172FF90AA.jpeg
f9a99c26-973e-4e6b-9ddc-6a070ae8b819.jpg,https://imageswedding.theweddingcompany.com/bh_prod_bucket/weddings/ideabook/DECORATION/aca3819b-93cc-4b36-beb6-bc63882f241f/EF315845-EDA4-4782-B118-55AA28492855.jpg,https://imageswedding.theweddingcompany.com/bh_prod_bucket/weddings/ideabook/DECORATION/aca3819b-93cc-4b36-beb6-bc63882f241f/EF315845-EDA4-4782-B118-55AA28492855.jpg
d32cfd27-7845-4966-bcec-cbac452d6d15.jpg,https://imageswedding.theweddingcompany.com/bh_prod_bucket/watermark_assets/ideabook/FE496876-48CA-44D9-AB39-7FDE25FBB601.jpeg,https://imageswedding.theweddingcompany.com/bh_prod_bucket/watermark_assets/ideabook/FE496876-48CA-44D9-AB39-7FDE25FBB601.jpeg
0ec03e81-d7e1-4a99-a592-9f344d048a64.jpg,https://imageswedding.theweddingcompany.com/bh_prod_bucket/watermark_assets/ideabook/7BE21C05-25F8-449B-A557-EC8ECC5E8BA0.jpeg,https://imageswedding.theweddingcompany.com/bh_prod_bucket/watermark_assets/ideabook/7BE21C05-25F8-449B-A557-EC8ECC5E8BA0.jpeg
c57a5aa6-8dd2-48bc-b480-19a5618652f1.jpg,https://imageswedding.theweddingcompany.com/bh_prod_bucket/watermark_assets/ideabook/04495655-CEDF-4EAC-B920-35ED43C902D7.jpeg,https://imageswedding.theweddingcompany.com/bh_prod_bucket/watermark_assets/ideabook/04495655-CEDF-4EAC-B920-35ED43C902D7.jpeg
0fd1d421-12b4-408e-ac24-ac92c601ba62.jpg,https://imageswedding.theweddingcompany.com/bh_prod_bucket/watermark_assets/ideabook/0A1E604C-9CA1-4EED-9C68-1BA0DD7939E8.jpeg,https://imageswedding.theweddingcompany.com/bh_prod_bucket/watermark_assets/ideabook/0A1E604C-9CA1-4EED-9C68-1BA0DD7939E8.jpeg
c006de13-e774-43f5-a3f8-69a34797ad1d.jpg,https://imageswedding.theweddingcompany.com/bh_prod_bucket/weddings/ideabook/PHOTOGRAPHY/bcd79adf-6f90-4f95-ab00-d1b93586f7c1/3DAD5B16-F15A-4F90-AC98-3D62050E9716.jpg,https://imageswedding.theweddingcompany.com/bh_prod_bucket/weddings/ideabook/PHOTOGRAPHY/bcd79adf-6f90-4f95-ab00-d1b93586f7c1/3DAD5B16-F15A-4F90-AC98-3D62050E9716.jpg
61e4dec4-825b-4231-8791-c0ee2925994c.jpg,https://imageswedding.theweddingcompany.com/bh_prod_bucket/watermark_assets/ideabook/363BFC6F-2697-4F8B-8855-0750AFB0336F.jpeg,https://imageswedding.theweddingcompany.com/bh_prod_bucket/watermark_assets/ideabook/363BFC6F-2697-4F8B-8855-0750AFB0336F.jpeg
e6efe3e5-12e9-40fc-abb4-72fb69a9efc0.png,https://drive.google.com/file/d/1xeswtnShoP8gcJY0PIk_EYVsbe1A3BmD/view,https://drive.google.com/uc?export=download&id=1xeswtnShoP8gcJY0PIk_EYVsbe1A3BmD
431b93ab-3bbd-4ba5-8406-06b2b13864cc.jpg,https://i.pinimg.com/1200x/1e/86/bc/1e86bca024b01fd03c873dd26d21c6b3.jpg,https://i.pinimg.com/1200x/1e/86/bc/1e86bca024b01fd03c873dd26d21c6b3.jpg
39869419-3e80-4509-98e6-e93bb710e71c.jpg,https://www.theweddingcompany.com/wedding-ideas/idea/colorful-fiesta-3AD5A9F1-0594-4129-BEBE-184EE1819500,https://imageswedding.theweddingcompany.com/bh_prod_bucket/watermark_assets/ideabook/3AD5A9F1-0594-4129-BEBE-184EE1819500.jpeg
e0e7a970-58e3-4bd4-8d54-49c7dea3adcf.jpg,https://imageswedding.theweddingcompany.com/bh_prod_bucket/weddings/ideabook/DECORATION/fd000cd0-4cb9-4497-a5dd-89f97c84fdd8/1FCD232E-9E2E-4C77-9C13-3AE7C0585FCE.jpg,https://imageswedding.theweddingcompany.com/bh_prod_bucket/weddings/ideabook/DECORATION/fd000cd0-4cb9-4497-a5dd-89f97c84fdd8/1FCD232E-9E2E-4C77-9C13-3AE7C0585FCE.jpg
904fa77c-ce53-4ba2-b346-067fd6165b3c.jpg,https://imageswedding.theweddingcompany.com/bh_prod_bucket/weddings/ideabook/DECORATION/065b816d-40ce-4078-8259-cb9b33e93ce5/7FA953FB-FD9B-4DBA-8376-2EF71BCFEED9.jpg,https://imageswedding.theweddingcompany.com/bh_prod_bucket/weddings/ideabook/DECORATION/065b816d-40ce-4078-8259-cb9b33e93ce5/7FA953FB-FD9B-4DBA-8376-2EF71BCFEED9.jpg
92491888-df0f-43b3-a89b-56a7b4c935ba.jpg,https://www.theweddingcompany.com/wedding-ideas/idea/romantic-oasis-88B69F05-B189-4865-8DD5-9B45266DC0AC,https://imageswedding.theweddingcompany.com/bh_prod_bucket/watermark_assets/ideabook/88B69F05-B189-4865-8DD5-9B45266DC0AC.jpeg
36af377d-5a5c-4e9a-b46c-522fbbf38f01.jpg,https://imageswedding.theweddingcompany.com/bh_prod_bucket/watermark_assets/ideabook/A8ED4A7F-8F10-474C-8783-59774F21B672.jpeg,https://imageswedding.theweddingcompany.com/bh_prod_bucket/watermark_assets/ideabook/A8ED4A7F-8F10-474C-8783-59774F21B672.jpeg
d88dc18a-9b24-492e-95d0-a997e5b742e2.jpg,https://imageswedding.theweddingcompany.com/bh_prod_bucket/weddings/ideabook/PHOTOGRAPHY/480f5a5e-8489-465d-9c4a-b7c8bca0b9e6/E2462656-FBDB-44C4-9570-3F76AB91DCD2.JPG,https://imageswedding.theweddingcompany.com/bh_prod_bucket/weddings/ideabook/PHOTOGRAPHY/480f5a5e-8489-465d-9c4a-b7c8bca0b9e6/E2462656-FBDB-44C4-9570-3F76AB91DCD2.JPG
113e7d1b-2467-4ab0-b363-0090cf9d4489.jpg,https://i.pinimg.com/736x/91/e7/bf/91e7bfe1afa6f8ea3215e1fa305fc9f4.jpg,https://i.pinimg.com/736x/91/e7/bf/91e7bfe1afa6f8ea3215e1fa305fc9f4.jpg
518d1fc8-4571-47bd-9c49-dcb126011c6f.jpg,https://imageswedding.theweddingcompany.com/bh_prod_bucket/weddings/ideabook/DECORATION/aca3819b-93cc-4b36-beb6-bc63882f241f/5B85A059-1FD1-4E1A-B32C-214CE9AA09D4.jpg,https://imageswedding.theweddingcompany.com/bh_prod_bucket/weddings/ideabook/DECORATION/aca3819b-93cc-4b36-beb6-bc63882f241f/5B85A059-1FD1-4E1A-B32C-214CE9AA09D4.jpg
e358e8a1-6d48-439e-b77f-1c23cff726c0.jpg,https://imageswedding.theweddingcompany.com/bh_prod_bucket/watermark_assets/ideabook/041BFFFC-3621-4504-B3E4-B927B2057ADF.jpeg,https://imageswedding.theweddingcompany.com/bh_prod_bucket/watermark_assets/ideabook/041BFFFC-3621-4504-B3E4-B927B2057ADF.jpeg
62c940fe-28cc-4931-b6bb-2f483eeb73ba.jpg,https://imageswedding.theweddingcompany.com/bh_prod_bucket/watermark_assets/ideabook/3CA01047-7A4C-443C-8760-913F8A265746.jpeg,https://imageswedding.theweddingcompany.com/bh_prod_bucket/watermark_assets/ideabook/3CA01047-7A4C-443C-8760-913F8A265746.jpeg
a76e694f-45f0-4f26-b83c-cd59fbea2554.jpg,https://imageswedding.theweddingcompany.com/bh_prod_bucket/weddings/ideabook/PHOTOGRAPHY/bcd79adf-6f90-4f95-ab00-d1b93586f7c1/4A7E8453-CEA8-4007-8E92-43BEC7F9C920.jpg,https://imageswedding.theweddingcompany.com/bh_prod_bucket/weddings/ideabook/PHOTOGRAPHY/bcd79adf-6f90-4f95-ab00-d1b93586f7c1/4A7E8453-CEA8-4007-8E92-43BEC7F9C920.jpg
836ff68e-b720-4f54-af5b-f065b792120e.jpg,https://imageswedding.theweddingcompany.com/bh_prod_bucket/watermark_assets/ideabook/2432C23B-1EF2-4BD6-BA7A-829F850A1C93.jpeg,https://imageswedding.theweddingcompany.com/bh_prod_bucket/watermark_assets/ideabook/2432C23B-1EF2-4BD6-BA7A-829F850A1C93.jpeg
eb6b16d2-9b64-4d04-9925-e5a495e0ff52.jpg,https://imageswedding.theweddingcompany.com/bh_prod_bucket/watermark_assets/ideabook/C801C89E-60D3-4B07-872E-CAAD8C790A12.jpeg,https://imageswedding.theweddingcompany.com/bh_prod_bucket/watermark_assets/ideabook/C801C89E-60D3-4B07-872E-CAAD8C790A12.jpeg
c79e316a-d20d-4336-b13f-544318a50d35.jpg,https://imageswedding.theweddingcompany.com/bh_prod_bucket/weddings/ideabook/DECORATION/065b816d-40ce-4078-8259-cb9b33e93ce5/8A955DF5-6FBB-468F-A4B7-3CDD80CB40FA.jpg,https://imageswedding.theweddingcompany.com/bh_prod_bucket/weddings/ideabook/DECORATION/065b816d-40ce-4078-8259-cb9b33e93ce5/8A955DF5-6FBB-468F-A4B7-3CDD80CB40FA.jpg
6a5e5d16-6596-4296-ab2d-8bef8349c644.jpg,https://imageswedding.theweddingcompany.com/bh_prod_bucket/weddings/ideabook/DECORATION/065b816d-40ce-4078-8259-cb9b33e93ce5/B0A21FBA-501C-4FC8-B3CF-02D4C811FFD4.jpg,https://imageswedding.theweddingcompany.com/bh_prod_bucket/weddings/ideabook/DECORATION/065b816d-40ce-4078-8259-cb9b33e93ce5/B0A21FBA-501C-4FC8-B3CF-02D4C811FFD4.jpg
cf07692a-3fb7-41a6-8dbb-31dfde17adfa.jpg,https://imageswedding.theweddingcompany.com/bh_prod_bucket/watermark_assets/ideabook/DD071B5D-A009-462C-B8BA-2A08836677AC.jpeg,https://imageswedding.theweddingcompany.com/bh_prod_bucket/watermark_assets/ideabook/DD071B5D-A009-462C-B8BA-2A08836677AC.jpeg
7e33436c-a84e-4991-bbd9-9114a9b070fc.jpg,https://imageswedding.theweddingcompany.com/bh_prod_bucket/weddings/ideabook/DECORATION/065b816d-40ce-4078-8259-cb9b33e93ce5/E7B88712-495D-4F0B-A723-8134484295BD.jpg,https://imageswedding.theweddingcompany.com/bh_prod_bucket/weddings/ideabook/DECORATION/065b816d-40ce-4078-8259-cb9b33e93ce5/E7B88712-495D-4F0B-A723-8134484295BD.jpg
562fb8bf-4244-4223-b5ec-69a6622ba76e.jpg,https://imageswedding.theweddingcompany.com/bh_prod_bucket/weddings/ideabook/DECORATION/1dca9fad-7303-48ff-aae9-60cf9cb3a121/CF397240-6991-4DDC-9A30-A890997E5108.jpg,https://imageswedding.theweddingcompany.com/bh_prod_bucket/weddings/ideabook/DECORATION/1dca9fad-7303-48ff-aae9-60cf9cb3a121/CF397240-6991-4DDC-9A30-A890997E5108.jpg
a9eb4ae4-089c-4245-8e9e-071660d6def4.jpg,https://i.pinimg.com/1200x/20/2b/c3/202bc3442e567a32d8912035e89e5ddc.jpg,https://i.pinimg.com/1200x/20/2b/c3/202bc3442e567a32d8912035e89e5ddc.jpg
24a6def5-7afa-44e5-b9cb-7cdcee173683.jpg,https://imageswedding.theweddingcompany.com/bh_prod_bucket/watermark_assets/ideabook/54EFAFDD-A693-4028-8431-0BA465144D15.jpeg,https://imageswedding.theweddingcompany.com/bh_prod_bucket/watermark_assets/ideabook/54EFAFDD-A693-4028-8431-0BA465144D15.jpeg
98410852-6b8f-478c-b248-09d6292acf55.jpg,https://i.pinimg.com/1200x/3e/76/e4/3e76e4bf5c7e89e85eb1715ae6bcec76.jpg,https://i.pinimg.com/1200x/3e/76/e4/3e76e4bf5c7e89e85eb1715ae6bcec76.jpg
d8a7840b-8c48-451b-abcc-ebede67e663a.jpg,https://i.pinimg.com/1200x/f9/b8/64/f9b864f3c1004719f1aa6e245e9f345d.jpg,https://i.pinimg.com/1200x/f9/b8/64/f9b864f3c1004719f1aa6e245e9f345d.jpg
f54b096d-20bd-4948-87c1-c765dac2390b.jpg,https://imageswedding.theweddingcompany.com/bh_prod_bucket/weddings/ideabook/PHOTOGRAPHY/d0bd1c0b-646d-4d06-a93b-e15e6cde9c8a/35AC76BC-05E7-4A7C-9650-40EDC5919935.jpg,https://imageswedding.theweddingcompany.com/bh_prod_bucket/weddings/ideabook/PHOTOGRAPHY/d0bd1c0b-646d-4d06-a93b-e15e6cde9c8a/35AC76BC-05E7-4A7C-9650-40EDC5919935.jpg
eb8732a9-439c-4149-9520-922045b680d2.jpg,https://imageswedding.theweddingcompany.com/bh_prod_bucket/weddings/ideabook/DECORATION/aca3819b-93cc-4b36-beb6-bc63882f241f/640DE19A-8D26-474C-AF07-ED9FB8E4A4D3.jpg,https://imageswedding.theweddingcompany.com/bh_prod_bucket/weddings/ideabook/DECORATION/aca3819b-93cc-4b36-beb6-bc63882f241f/640DE19A-8D26-474C-AF07-ED9FB8E4A4D3.jpg
b7bd2f34-f5ef-4def-93ec-e6a73b9686d6.jpg,https://imageswedding.theweddingcompany.com/bh_prod_bucket/watermark_assets/ideabook/B0C4F414-BB3D-4A61-AB09-ED5F200F4EC7.jpeg,https://imageswedding.theweddingcompany.com/bh_prod_bucket/watermark_assets/ideabook/B0C4F414-BB3D-4A61-AB09-ED5F200F4EC7.jpeg
60593fa9-cf48-4356-87dd-62d8c27bf512.jpg,https://imageswedding.theweddingcompany.com/bh_prod_bucket/watermark_assets/ideabook/0A62B9FC-046F-4B42-B764-D3584A199440.jpeg,https://imageswedding.theweddingcompany.com/bh_prod_bucket/watermark_assets/ideabook/0A62B9FC-046F-4B42-B764-D3584A199440.jpeg
761bb34d-e633-4b14-b712-fa324d37b4e7.jpg,https://imageswedding.theweddingcompany.com/bh_prod_bucket/watermark_assets/ideabook/FC4E5806-2E35-4E7D-ACC8-97822781EF02.jpeg,https://imageswedding.theweddingcompany.com/bh_prod_bucket/watermark_assets/ideabook/FC4E5806-2E35-4E7D-ACC8-97822781EF02.jpeg
82c9f466-100b-43b3-97b3-761ffddca506.jpg,https://i.pinimg.com/736x/a0/9d/5b/a09d5baa5700d6dcfc0ed606fe96af47.jpg,https://i.pinimg.com/736x/a0/9d/5b/a09d5baa5700d6dcfc0ed606fe96af47.jpg
8a10613e-001c-47b3-87a9-0433374537b6.jpg,https://imageswedding.theweddingcompany.com/bh_prod_bucket/watermark_assets/ideabook/3A49896C-6A4E-40C2-82B1-08228E321558.jpeg,https://imageswedding.theweddingcompany.com/bh_prod_bucket/watermark_assets/ideabook/3A49896C-6A4E-40C2-82B1-08228E321558.jpeg
e94cef47-24ee-4cea-9ba2-bede0d9b4e78.jpg,https://imageswedding.theweddingcompany.com/bh_prod_bucket/watermark_assets/ideabook/D5A9D125-F7B1-4419-922B-61516E791943.jpeg,https://imageswedding.theweddingcompany.com/bh_prod_bucket/watermark_assets/ideabook/D5A9D125-F7B1-4419-922B-61516E791943.jpeg
c8101bf3-7c31-4ef1-837c-19d9d3498268.jpg,https://www.theweddingcompany.com/wedding-ideas/idea/elegant-wedding-ceremony-on-a-hillside-D1C425B9-EA68-438E-AE69-1ED0E07E03E9,https://imageswedding.theweddingcompany.com/bh_prod_bucket/watermark_assets/ideabook/D1C425B9-EA68-438E-AE69-1ED0E07E03E9.jpeg
617f6c03-e353-4d82-969b-72fcf20d8b9f.jpg,https://i.pinimg.com/736x/6b/f2/08/6bf208a9e4df7d4eb60cb68a8e9374af.jpg,https://i.pinimg.com/736x/6b/f2/08/6bf208a9e4df7d4eb60cb68a8e9374af.jpg
0083d561-cb2a-4f80-89dc-741692f71361.jpg,https://imageswedding.theweddingcompany.com/bh_prod_bucket/watermark_assets/ideabook/28465BFF-C577-414E-8E90-01FF501D3B74.jpeg,https://imageswedding.theweddingcompany.com/bh_prod_bucket/watermark_assets/ideabook/28465BFF-C577-414E-8E90-01FF501D3B74.jpeg
8d25b5c0-73a6-485d-81d5-b6fd1d9e0157.jpg,https://imageswedding.theweddingcompany.com/bh_prod_bucket/watermark_assets/ideabook/1D160EBC-6154-458E-A1C0-5DEAF800FCDF.jpeg,https://imageswedding.theweddingcompany.com/bh_prod_bucket/watermark_assets/ideabook/1D160EBC-6154-458E-A1C0-5DEAF800FCDF.jpeg
d81b080c-2859-44e3-83f1-eb15c86395ca.jpg,https://i.pinimg.com/1200x/50/9f/b8/509fb8e53a31f1518aa379145487bb39.jpg,https://i.pinimg.com/1200x/50/9f/b8/509fb8e53a31f1518aa379145487bb39.jpg
5b451c9a-4867-4fac-b950-0553855e3d37.jpg,https://imageswedding.theweddingcompany.com/bh_prod_bucket/watermark_assets/ideabook/2B89A109-5BE3-4CF4-8DD7-2A909AD522B2.jpeg,https://imageswedding.theweddingcompany.com/bh_prod_bucket/watermark_assets/ideabook/2B89A109-5BE3-4CF4-8DD7-2A909AD522B2.jpeg
a2415a0f-adbe-4703-8f91-35f829201321.jpg,https://imageswedding.theweddingcompany.com/bh_prod_bucket/watermark_assets/ideabook/EE5710E6-28BD-47B5-82B6-9768682ABCEC.jpeg,https://imageswedding.theweddingcompany.com/bh_prod_bucket/watermark_assets/ideabook/EE5710E6-28BD-47B5-82B6-9768682ABCEC.jpeg
e4d65620-ddc9-4eeb-b1fd-1ba3c16be233.jpg,https://imageswedding.theweddingcompany.com/bh_prod_bucket/watermark_assets/ideabook/50AEC282-7887-4E39-8751-2522A95C0C51.jpeg,https://imageswedding.theweddingcompany.com/bh_prod_bucket/watermark_assets/ideabook/50AEC282-7887-4E39-8751-2522A95C0C51.jpeg
b0d098c5-2395-4378-a2c5-2dccc923577c.jpg,https://imageswedding.theweddingcompany.com/bh_prod_bucket/watermark_assets/ideabook/5A3043E9-24AB-44AE-8DCC-3971D6F1C683.jpeg,https://imageswedding.theweddingcompany.com/bh_prod_bucket/watermark_assets/ideabook/5A3043E9-24AB-44AE-8DCC-3971D6F1C683.jpeg
87e4889c-1ee0-4d44-bf0d-e2d0ea4d4660.jpg,https://i.pinimg.com/736x/10/2d/8d/102d8d4aa36aacba7dc564368a89d7b1.jpg,https://i.pinimg.com/736x/10/2d/8d/102d8d4aa36aacba7dc564368a89d7b1.jpg
0adc4f04-9d76-4b07-9f5a-d0dcb8a9daa8.jpg,https://imageswedding.theweddingcompany.com/bh_prod_bucket/watermark_assets/ideabook/150902C1-3408-4550-A3EF-A47D38D58C0B.jpeg,https://imageswedding.theweddingcompany.com/bh_prod_bucket/watermark_assets/ideabook/150902C1-3408-4550-A3EF-A47D38D58C0B.jpeg
d007b758-c107-42c5-b553-4f3fa53f834f.jpg,https://imageswedding.theweddingcompany.com/bh_prod_bucket/watermark_assets/ideabook/578B0F0C-7174-4005-9229-C98B8D8D66D2.jpeg,https://imageswedding.theweddingcompany.com/bh_prod_bucket/watermark_assets/ideabook/578B0F0C-7174-4005-9229-C98B8D8D66D2.jpeg
1df7161d-2e0a-45f4-8ca3-fa741118f7ff.jpg,https://imageswedding.theweddingcompany.com/bh_prod_bucket/watermark_assets/ideabook/E357ED2D-D07E-4E4B-903B-4E0B2F699A39.jpeg,https://imageswedding.theweddingcompany.com/bh_prod_bucket/watermark_assets/ideabook/E357ED2D-D07E-4E4B-903B-4E0B2F699A39.jpeg
aea4267c-28a5-430e-9570-c2b3e13e969b.jpg,https://i.pinimg.com/1200x/53/92/5c/53925c3de3b90b10430742db6af6f929.jpg,https://i.pinimg.com/1200x/53/92/5c/53925c3de3b90b10430742db6af6f929.jpg
b3a45170-a0fd-46aa-bab4-f413df41f52e.jpg,https://imageswedding.theweddingcompany.com/bh_prod_bucket/weddings/ideabook/PHOTOGRAPHY/e82353ef-9077-4c75-8a7e-9a32714c59eb/1EEF673E-E641-4FDF-BC46-2348824265AD.jpg,https://imageswedding.theweddingcompany.com/bh_prod_bucket/weddings/ideabook/PHOTOGRAPHY/e82353ef-9077-4c75-8a7e-9a32714c59eb/1EEF673E-E641-4FDF-BC46-2348824265AD.jpg
001a59ec-591f-46e2-b4b1-44d6b6ba8cf9.jpg,https://imageswedding.theweddingcompany.com/bh_prod_bucket/watermark_assets/ideabook/45A30442-ED30-4A23-8F76-C023A990BE13.jpeg,https://imageswedding.theweddingcompany.com/bh_prod_bucket/watermark_assets/ideabook/45A30442-ED30-4A23-8F76-C023A990BE13.jpeg
f3b70a7d-b656-45d5-ad79-88529730235c.png,https://drive.google.com/file/d/1yLpIX3di-8nypYeQ_g4kmKVNWNPxmw14/view,https://drive.google.com/uc?export=download&id=1yLpIX3di-8nypYeQ_g4kmKVNWNPxmw14
ab8f77cf-4057-4867-9141-315325934ab4.jpg,https://imageswedding.theweddingcompany.com/bh_prod_bucket/weddings/ideabook/DECORATION/aca3819b-93cc-4b36-beb6-bc63882f241f/83D4EA65-BDED-4A8D-BC34-DF257621DEA7.jpg,https://imageswedding.theweddingcompany.com/bh_prod_bucket/weddings/ideabook/DECORATION/aca3819b-93cc-4b36-beb6-bc63882f241f/83D4EA65-BDED-4A8D-BC34-DF257621DEA7.jpg
6b55bb55-5c06-4c21-afbe-c9faaf1e474f.jpg,https://imageswedding.theweddingcompany.com/bh_prod_bucket/watermark_assets/ideabook/7948E619-4797-4541-AEE7-CBF564C1603C.jpeg,https://imageswedding.theweddingcompany.com/bh_prod_bucket/watermark_assets/ideabook/7948E619-4797-4541-AEE7-CBF564C1603C.jpeg
89be4dad-8de8-40fe-a4cc-67c9cabca1bd.jpg,https://imageswedding.theweddingcompany.com/bh_prod_bucket/weddings/ideabook/DECORATION/065b816d-40ce-4078-8259-cb9b33e93ce5/98757C61-2B64-49F6-B344-4A5F03AB5289.jpeg,https://imageswedding.theweddingcompany.com/bh_prod_bucket/weddings/ideabook/DECORATION/065b816d-40ce-4078-8259-cb9b33e93ce5/98757C61-2B64-49F6-B344-4A5F03AB5289.jpeg
8825b125-20ce-47ca-929d-e1653cda4de1.jpg,https://i.pinimg.com/1200x/52/e0/52/52e05274850f67ed553711c09aa217f6.jpg,https://i.pinimg.com/1200x/52/e0/52/52e05274850f67ed553711c09aa217f6.jpg
